<?xml version="1.0" encoding="UTF-8"?>
<project-private xmlns="http://www.netbeans.org/ns/project-private/1">
    <editor-bookmarks xmlns="http://www.netbeans.org/ns/editor-bookmarks/2" lastBookmarkId="0"/>
    <open-files xmlns="http://www.netbeans.org/ns/projectui-open-files/2">
        <group>
            <file>file:/D:/Clone_SWP1/SWP391-SE1750_Gr4/GreenRoom/src/java/Utils/VNPay/Config.java</file>
            <file>file:/D:/Clone_SWP1/SWP391-SE1750_Gr4/GreenRoom/web/Admin/newaccountdetail.jsp</file>
            <file>file:/D:/Clone_SWP1/SWP391-SE1750_Gr4/GreenRoom/web/vnpay_return.jsp</file>
            <file>file:/D:/Clone_SWP1/SWP391-SE1750_Gr4/GreenRoom/src/java/Controller/NewAccountDetail.java</file>
            <file>file:/D:/Clone_SWP1/SWP391-SE1750_Gr4/GreenRoom/web/Admin/test.html</file>
            <file>file:/D:/Clone_SWP1/SWP391-SE1750_Gr4/GreenRoom/src/java/Controller/ManageRenterEdit.java</file>
            <file>file:/D:/Clone_SWP1/SWP391-SE1750_Gr4/GreenRoom/web/Admin/manageaccount.jsp</file>
            <file>file:/D:/Clone_SWP1/SWP391-SE1750_Gr4/GreenRoom/src/java/Controller/ManageRoomDetail.java</file>
            <file>file:/D:/Clone_SWP1/SWP391-SE1750_Gr4/GreenRoom/src/java/Controller/PaymentController.java</file>
            <file>file:/D:/Clone_SWP1/SWP391-SE1750_Gr4/GreenRoom/web/Admin/renterdetail.jsp</file>
            <file>file:/D:/Clone_SWP1/SWP391-SE1750_Gr4/GreenRoom/src/java/Models/RoomTu.java</file>
            <file>file:/D:/Clone_SWP1/SWP391-SE1750_Gr4/GreenRoom/src/java/Controller/ManageRoomController.java</file>
            <file>file:/D:/Clone_SWP1/SWP391-SE1750_Gr4/GreenRoom/src/java/DAL/DAO.java</file>
            <file>file:/D:/Clone_SWP1/SWP391-SE1750_Gr4/GreenRoom/src/java/DAL/UserDAO.java</file>
            <file>file:/D:/Clone_SWP1/SWP391-SE1750_Gr4/GreenRoom/web/Admin/securitydetail.jsp</file>
            <file>file:/D:/Clone_SWP1/SWP391-SE1750_Gr4/GreenRoom/src/java/Controller/ManageAccountController.java</file>
            <file>file:/D:/Clone_SWP1/SWP391-SE1750_Gr4/GreenRoom/src/java/Controller/ManageRenterDetail.java</file>
            <file>file:/D:/Clone_SWP1/SWP391-SE1750_Gr4/GreenRoom/src/java/Controller/ManageSecurityDetail.java</file>
            <file>file:/D:/Clone_SWP1/SWP391-SE1750_Gr4/GreenRoom/src/java/Controller/LoginController.java</file>
        </group>
    </open-files>
</project-private>
